Title,Authors,Contributors,ISBN/UID,Format,Read Status,Date Added,Last Date Read,Dates Read,Read Count,Moods,Pace,Character- or Plot-Driven?,Strong Character Development?,Loveable Characters?,Diverse Characters?,Flawed Characters?,Star Rating,Review,Content Warnings,Content Warning Description,Tags,Owned?
The Sickness unto Death,Søren Kierkegaard,,9781324094487,paperback,read,2025/09/08,2025/09/08,2025/09/08,1,"challenging, reflective",slow,,,,,,3,,,,,No
The City & The City,China Miéville,,9780330534192,paperback,read,2025/07/23,2025/07/23,2025/07/23,1,"dark, mysterious, tense",medium,Plot,,,,,4,,,,,No
The Hound of the Baskervilles,Arthur Conan Doyle,,9781618955104,paperback,read,2025/06/13,2025/06/13,2025/06/13,1,mysterious,medium,,,,,,3,,,,,No
Five Decembers,James Kestrel,,9781789096118,hardcover,read,2025/05/31,2025/05/31,2025/05/31,1,"adventurous, dark",fast,,,,,,2.5,,,,,No
We,Yevgeny Zamyatin,Clarence Brown (Translator),9780140185850,paperback,read,2025/05/25,2025/05/25,2025/05/25,1,,medium,,,,,,2.5,,,,,No
The Consolation of Philosophy,Boethius,Victor Watts (Translator),9780140447804,paperback,read,2025/01/26,2025/01/26,2025/01/26,1,"emotional, hopeful, reflective",fast,,,,,,4.5,,,,,No
"The Best of All Possible Worlds: A Story of Philosophers, God, and Evil in the Age of Reason",Steven Nadler,,9780691145310,paperback,read,2025/01/14,,,1,informative,medium,,,,,,4,,,,,No
The Book of Dead Philosophers,Simon Critchley,,9780307390431,paperback,read,2024/11/10,2024/11/10,2024/11/10,1,"informative, reflective",fast,,,,,,3,,,,,No
Fathers and Sons,Ivan Turgenev,Richard Freeborn (Translator),9780199536047,paperback,read,2024/11/09,2024/11/08,2024/11/08,1,reflective,slow,,,,,,3,,,,,No
Notes from Underground,Fyodor Dostoevsky,,9780393976120,paperback,read,2024/11/06,2024/11/05,2024/11/05,1,"challenging, dark",fast,,,,,,5,,,,,No
Solaris,Stanisław Lem,"Steve Cox (Translator), Joanna Kilmartin (Translator)",9780156027601,paperback,read,2024/10/19,2024/10/18,2024/10/18,1,"mysterious, reflective",medium,,,,,,3.5,,,,,No
The Left Hand of Darkness,Ursula K. Le Guin,,9780441007318,paperback,read,2024/10/11,,,1,"adventurous, reflective",medium,,,,,,3,,,,,No
Dawn: Thoughts on the Presumptions of Morality,Friedrich Nietzsche,Brittain Smith (Translator),9780804780056,paperback,read,2024/08/08,2024/08/07,2024/08/07,1,"challenging, inspiring, reflective",slow,,,,,,4,,,,,No
The Gay Science,Friedrich Nietzsche,Walter Arnold Kaufmann (Translator),9780394719856,paperback,read,2024/06/14,2024/06/13,2024/06/13,1,"challenging, reflective",medium,,,,,,4,,,,,No
Thus Spoke Zarathustra,Friedrich Nietzsche,Walter Arnold Kaufmann (Translator),,paperback,read,2024/06/01,2024/06/01,2024/06/01,1,,,,,,,,,,,,,No
The Myth of Sisyphus,Albert Camus,,9780525564454,paperback,read,2024/05/23,2024/05/22,2024/05/22,1,reflective,medium,,,,,,2,,,,,No
The Book of Five Rings,Miyamoto Musashi,Thomas Cleary (Translator),9781590302484,paperback,read,2024/05/17,2024/05/17,2024/05/17,1,,,,,,,,,,,,,No
Hardship and Happiness,Lucius Annaeus Seneca,"Elaine Fantham (Translator), Harry M. Hine (Translator)",9780226748320,hardcover,read,2024/05/05,2024/05/05,2024/05/05,1,"inspiring, reflective",medium,,,,,,5,,,,,No
On Anarchism,Noam Chomsky,,9781595589101,paperback,read,2024/04/04,2024/04/04,2024/04/04,1,"informative, reflective",medium,,,,,,2.5,,,,,No
On Truth and Untruth: Selected Writings,Friedrich Nietzsche,,9780062930842,paperback,read,2024/04/04,2024/04/04,2024/04/04,1,,,,,,,,,,,,,No
Arguing for a Better World: How Philosophy Can Help Us Fight for Social Justice,Arianne Shahvisi,,9780143136835,paperback,read,2024/03/11,2024/03/11,2024/03/11,1,"informative, reflective",medium,,,,,,3.5,,,,,No
Leviathan Falls,James S.A. Corey,,9780356510392,hardcover,read,2024/02/29,2024/02/29,2024/02/29,1,adventurous,medium,,,,,,3,,,,,No
Tiamat's Wrath,James S.A. Corey,,9780316332873,hardcover,read,2024/02/23,2024/02/23,2024/02/23,1,adventurous,medium,,,,,,4,,,,,No
Persepolis Rising,James S.A. Corey,,9780316332859,paperback,read,2024/02/17,2024/02/16,2024/02/16,1,adventurous,fast,,,,,,3.5,,,,,No
Babylon's Ashes,James S.A. Corey,,9780356504261,hardcover,read,2024/02/12,2024/02/11,2024/02/11,1,adventurous,medium,,,,,,3.5,,,,,No
Nemesis Games,James S.A. Corey,,9780316334716,paperback,read,2024/01/29,2024/01/29,2024/01/29,1,adventurous,fast,,,,,,4,,,,,No
Cibola Burn,James S.A. Corey,,9780356504193,paperback,read,2024/01/20,2024/01/20,2024/01/20,1,adventurous,medium,,,,,,2,,,,,No
The Power of a PhD: How Anyone Can Use Their PhD to Get Hired in Industry,Isaiah Hankel,,B0BBSVGVZ5,digital,read,2024/01/20,2024/01/03,2024/01/03,1,,,,,,,,,,,,,No
Abaddon's Gate,James S.A. Corey,,9781841499925,paperback,read,2023/12/25,2023/12/24,2023/12/24,1,adventurous,medium,,,,,,3,,,,,No
Caliban's War,James S.A. Corey,,9781841499901,paperback,read,2023/12/17,2023/12/16,2023/12/16,1,"adventurous, tense",medium,,,,,,3.5,,,,,No
"Tough: Building True Mental, Physical & Emotional Toughness for Success & Fulfillment",Greg Everett,,B08NRDBR6Q,digital,read,2023/12/14,2023/12/14,2023/12/14,1,,medium,,,,,,2,,,,,No
Zen and the Art of Motorcycle Maintenance: An Inquiry Into Values,Robert M. Pirsig,,9780060589462,paperback,read,2023/11/24,2023/11/24,2023/11/24,1,reflective,medium,,It's complicated,No,No,Yes,2.5,,,,,No
The Method of Zen,Eugen Herrigel,,9780394712444,paperback,read,2023/11/20,2023/11/19,2023/11/19,1,reflective,medium,,,,,,4,,,,,No
Theory and Reality: An Introduction to the Philosophy of Science,Peter Godfrey-Smith,,9780226300634,paperback,read,2023/11/19,2023/11/19,2023/11/19,1,informative,medium,,,,,,2,,,,,No
"Anger, Mercy, Revenge",Lucius Annaeus Seneca,"Martha C. Nussbaum (Translator), Robert A. Kaster (Translator)",9780226748412,hardcover,read,2023/11/15,2023/11/14,2023/11/14,1,"inspiring, reflective",medium,,,,,,4,,,,,No
The Book,Alan Watts,,9780679723004,paperback,read,2023/11/09,2023/11/09,2023/11/09,1,reflective,fast,,,,,,2,,,,,No
The Wisdom of Insecurity: A Message for an Age of Anxiety,Alan Watts,,9780394704685,paperback,read,2023/11/07,2023/11/07,2023/11/07,1,reflective,fast,,,,,,2,,,,,No
Siddhartha,Hermann Hesse,,9781453896174,paperback,read,2023/11/06,2023/11/05,2023/11/05,1,"inspiring, reflective",medium,,,,,,3.5,,,,,No
Zen in the Art of Archery,Eugen Herrigel,R.F.C. Hull (Translator),9780375705090,paperback,read,2023/11/04,,,1,"informative, reflective",medium,,,,,,4.5,,,,,No
Not All Dead White Men: Classics and Misogyny in the Digital Age,Donna Zuckerberg,,9780674975552,hardcover,read,2023/10/31,2023/10/30,2023/10/30,1,informative,fast,,,,,,2.5,,,,,No
Plato at the Googleplex: Why Philosophy Won't Go Away,Rebecca Newberger Goldstein,,9780307378194,hardcover,read,2023/10/28,2023/10/28,2023/10/28,1,,medium,,,,,,2.5,,,,,No
ADHD 2.0: New Science and Essential Strategies for Thriving with Distraction—From Childhood Through Adulthood,"John J. Ratey, Edward M. Hallowell",,9780399178733,hardcover,read,2023/10/23,2023/10/06,2023/10/06,1,informative,fast,,,,,,3,,,,,No
Why Trust Science?,Naomi Oreskes,,9780691212265,paperback,read,2023/10/22,2023/10/22,2023/10/22,1,"informative, reflective",medium,,,,,,4,,,,,No
Why I Am Not a Scientist: Anthropology and Modern Knowledge,Jonathan Marks,,9780520259607,paperback,read,2023/10/18,2023/10/18,2023/10/18,1,"informative, reflective",medium,,,,,,4,,,,,No
"The Disordered Cosmos: A Journey into Dark Matter, Spacetime, and Dreams Deferred",Chanda Prescod-Weinstein,,9781541724686,paperback,read,2023/10/07,2023/10/07,2023/10/07,1,"challenging, informative, reflective",medium,,,,,,3,,,,,No
The Legacy of Yangchen,F.C. Yee,,9781419756795,hardcover,read,2023/10/05,2023/10/05,2023/10/05,1,adventurous,medium,,,,,,4,,,,,No
When Bad Thinking Happens to Good People: How Philosophy Can Save Us from Ourselves,"Steven Nadler, Lawrence Shapiro",,9780691212760,hardcover,read,2023/10/04,2023/10/04,2023/10/04,1,"informative, reflective",medium,,,,,,3,,,,,No
Think Least of Death: Spinoza on How to Live and How to Die,Steven Nadler,,9780691183848,hardcover,read,2023/09/28,2025/02/06,"2025/02/06, 2023/09/28",2,"informative, reflective",medium,,,,,,3.5,,,,,No
A Book Forged in Hell: Spinoza's Scandalous Treatise and the Birth of the Secular Age,Steven Nadler,,9780691160184,paperback,read,2023/09/23,2025/01/23,"2025/01/23, 2023/09/22",2,informative,medium,,,,,,3.5,,,,,No
"The Courtier and the Heretic: Leibniz, Spinoza, and the Fate of God in the Modern World",Matthew Stewart,,9780393329179,paperback,read,2023/09/18,2023/09/18,2023/09/18,1,informative,medium,,,,,,2.5,,,,,No
First Steps: How Upright Walking Made Us Human,Jeremy DeSilva,,9780062938497,hardcover,read,2023/09/04,2023/09/04,2023/09/04,1,"informative, lighthearted",medium,,,,,,4,,,,,No
An Ordinary Age: Finding Your Way in a World That Expects Exceptional,Rainesford Stauffer,,9780062998989,paperback,read,2023/09/02,2023/09/02,2023/09/02,1,"emotional, inspiring, reflective",medium,,,,,,4,,,,,No
The Shock Doctrine: The Rise of Disaster Capitalism,Naomi Klein,,9780805079838,hardcover,read,2023/08/29,2023/08/28,2021/03/01-2023/08/28,1,"challenging, informative, reflective",medium,,,,,,4.5,,,,,No
Thomas Piketty's Capital in the Twenty-First Century: An Introduction,"Stephan Kaufmann, Ingo Stutzle",Alexander Locascio (Translator),9781784786144,paperback,read,2023/08/26,2023/08/26,2023/08/26,1,informative,fast,,,,,,4,,,,,No
Cuba: An American History,Ada Ferrer,,9781501154553,hardcover,read,2023/08/25,2023/08/24,2023/08/24,1,"informative, reflective",medium,,,,,,5,,,,,No
How to Read Foucault,Johanna Oksala,,9780393328196,paperback,read,2023/08/14,2023/08/14,2023/08/14,1,"challenging, informative, inspiring, reflective",medium,,,,,,4,,,,,No
How to Be Authentic: Simone de Beauvoir and the Quest for Fulfillment,Skye Cleary,,9781250271358,hardcover,read,2023/08/09,2023/08/09,2023/08/09,1,reflective,fast,,,,,,2.5,,,,,No
Tomorrow Sex Will Be Good Again: Women and Desire in the Age of Consent,Katherine Angel,,9781788739160,hardcover,read,2023/07/30,2023/07/30,2023/07/30,1,reflective,medium,,,,,,4,,,,,No
Shit Is Fucked Up and Bullshit: History Since the End of History,Malcolm Harris,,9781612198361,paperback,read,2023/07/29,2023/07/29,2023/07/29,1,"informative, reflective",medium,,,,,,3,,,,,No
The Dawn of Yangchen,F.C. Yee,,9781419756771,hardcover,read,2023/07/28,2023/07/28,2023/07/28,1,"adventurous, mysterious, tense",medium,,,,,,3.5,,,,,No
The Shadow of Kyoshi,F.C. Yee,Michael Dante DiMartino,9781419735059,hardcover,read,2023/07/09,2023/07/09,2023/07/09,1,"adventurous, mysterious",medium,,,,,,3.75,,,,,No
The Rise of Kyoshi,F.C. Yee,,9781419735042,hardcover,read,2023/07/06,2023/07/06,2023/07/06,1,adventurous,medium,,,,,,4,,,,,No
The Picture of Dorian Gray,Oscar Wilde,,9798792366251,paperback,read,2023/06/30,2023/06/30,2023/06/30,1,"mysterious, tense",medium,,,,,,3,,,,,No
Beyond Good & Evil: Prelude to a Philosophy of the Future,Friedrich Nietzsche,Walter Arnold Kaufmann (Translator),9780679724650,paperback,read,2023/06/20,,,1,reflective,medium,,,,,,4,,,,,No
The Sickness unto Death,Søren Kierkegaard,,,paperback,read,2023/06/07,2023/06/07,2023/06/07,1,"challenging, reflective",slow,,,,,,4,,,,,No
Fear and Trembling,Søren Kierkegaard,,9780143037576,paperback,read,2023/05/13,2023/04/28,2023/04/28,1,"inspiring, reflective",medium,,,,,,4,,,,,No
The Twilight of the Idols and the Anti-Christ: Or How to Philosophize with a Hammer,Friedrich Nietzsche,R.J. Hollingdale (Translator),9780140445145,paperback,read,2023/05/13,2023/05/13,2023/05/13,1,"challenging, reflective",medium,,,,,,3,,,,,No
"In Emergency, Break Glass: What Nietzsche Can Teach Us About Joyful Living in a Tech-Saturated World",Nate Anderson,,9781324004790,hardcover,read,2023/04/29,2023/04/29,2023/04/29,1,"inspiring, reflective",medium,,,,,,3,,,,,No
Know Thyself: Western Identity from Classical Greece to the Renaissance,Ingrid Rossellini,,,,read,2023/04/03,2023/04/03,2023/04/03,1,informative,medium,,,,,,2,,,,,No
"Natural Causes: An Epidemic of Wellness, the Certainty of Dying, and Killing Ourselves to Live Longer",Barbara Ehrenreich,,9781538730928,hardcover,read,2023/03/27,2023/03/27,2023/03/27,1,,,,,,,,1.5,,,,,No
Seven Bad Ideas: How Mainstream Economists Have Damaged America and the World,Jeff Madrick,,9780307950727,paperback,read,2023/03/25,2023/03/25,2023/03/25,1,informative,medium,,,,,,2.75,,,,,No
Exiles in Eden: Life Among the Ruins of Florida's Great Recession,Paul Reyes,,9781429930765,digital,read,2023/03/12,2023/03/12,2023/03/12,1,"informative, reflective",medium,,,,,,3,,,,,No
Disposable City: Miami's Future on the Shores of Climate Catastrophe,Mario Alejandro Ariza,,9781541788466,hardcover,read,2023/03/04,2023/03/04,2023/03/04,1,informative,medium,,,,,,3,,,,,No
Switch: How to Change Things When Change Is Hard,"Chip Heath, Dan Heath",,9780385528757,hardcover,read,2023/02/28,2023/02/28,2023/02/28,1,,,,,,,,,,,,,No
Everything is F*cked: A Book About Hope,Mark Manson,,9780062955937,hardcover,read,2023/02/22,2023/02/22,2023/02/22-2023/02/22,1,"lighthearted, reflective",fast,,,,,,2.5,,,,,No
Toxic Positivity: Keeping It Real in a World Obsessed with Being Happy,Whitney Goodman,,9780593418277,hardcover,read,2023/02/11,2023/02/11,2023/02/11,1,"informative, reflective",medium,,,,,,5,,,,,No
Philosopher of the Heart: The Restless Life of Søren Kierkegaard,Clare Carlisle,,9781250798428,paperback,read,2023/02/09,2023/02/09,2023/02/09,1,,medium,,,,,,4,,,,,No
How to Read Wittgenstein,Ray Monk,,9780393328202,paperback,read,2023/02/02,2023/02/02,2023/02/02,1,"challenging, informative",medium,,,,,,4,,,,,No
In Defense of Anarchism,Robert Paul Wolff,,9780520215733,paperback,read,2023/01/28,2023/01/28,2023/01/28,1,,medium,,,,,,3,,,,,No
"The Utopia of Rules: On Technology, Stupidity, and the Secret Joys of Bureaucracy",David Graeber,,9781612193748,hardcover,read,2023/01/17,2023/01/17,2023/01/17,1,informative,medium,,,,,,4,,,,,No
Against Democracy,Jason Brennan,,9780691162607,hardcover,read,2023/01/08,2023/01/08,2023/01/08,1,,medium,,,,,,1,,,,,No
Tao Te Ching,Laozi,,,audio,read,2022/12/12,2022/12/12,2022/12/12,1,,,,,,,,,,,,,No
Trying Not to Try: The Ancient Art of Effortlessness and the Surprising Power of Spontaneity,Edward Slingerland,,9781782114451,paperback,read,2022/11/10,2022/11/10,2022/11/10,1,"informative, reflective",medium,,,,,,3.5,,,,,No
"Science Fictions: How Fraud, Bias, Negligence, and Hype Undermine the Search for Truth",Stuart Ritchie,,9781250222695,hardcover,read,2022/10/29,2022/10/29,2022/10/29,1,"informative, reflective",medium,,,,,,4,,,,,No
Unmasking Autism: Discovering the New Faces of Neurodiversity,Devon Price,,9780593235232,hardcover,read,2022/08/30,2022/08/30,2022/08/30,1,informative,medium,,,,,,3.5,,,,,No
Laziness Does Not Exist,Devon Price,,9781982140113,paperback,read,2022/08/20,2022/08/20,2022/08/20,1,"informative, reflective",medium,,,,,,3,,,,,No
To Rise Again at a Decent Hour,Joshua Ferris,,9780316033978,hardcover,read,2022/08/13,2022/08/13,2022/08/13,1,"funny, reflective",medium,,,,,,3,,,,,No
"Better Living Through Criticism: How to Think about Art, Pleasure, Beauty, and Truth",A.O. Scott,,,,read,2022/08/02,2022/08/02,2022/08/02,1,,medium,,,,,,2.75,,,,,No
How Democracies Die,"Steven Levitsky, Daniel Ziblatt",,9781524762940,paperback,read,2022/07/28,2022/07/28,2022/07/28,1,,medium,,,,,,1.5,,,,,No
Leaving Academia: A Practical Guide,Christopher L. Caterine,,9780691200200,hardcover,read,2022/07/23,2022/07/23,2022/07/23,1,informative,medium,,,,,,2,,,,,No
Socrates: A Man for Our Times,Paul Johnson,,,hardcover,read,2022/06/28,2022/06/28,2022/06/28,1,,,,,,,,1,,,,,No
A Summer with Montaigne: On the Art of Living Well,Antoine Compagnon,Tina Kover (Translator),9781609455309,paperback,read,2022/06/27,2022/06/27,2022/06/27,1,"reflective, relaxing",medium,,,,,,3,,,,,No
Shop Class as Soulcraft: An Inquiry Into the Value of Work,Matthew B. Crawford,,9780143117469,paperback,read,2022/06/20,2022/06/20,2022/06/20,1,reflective,medium,,,,,,2.5,,,,,No
How to Do Nothing: Resisting the Attention Economy,Jenny Odell,,9781612198552,paperback,read,2022/06/16,2022/06/16,2022/06/16,1,reflective,medium,,,,,,3,,,,,No
Lost in Thought: The Hidden Pleasures of an Intellectual Life,Zena Hitz,,9780691229195,paperback,read,2022/06/08,2022/06/08,2022/06/08,1,reflective,medium,,,,,,1.75,,,,,No
A Philosophy of Walking,Frédéric Gros,"John Howe (Translator), Clifford Harper (Illustrator)",9781781688373,paperback,read,2022/06/04,2025/09/06,"2025/09/06, 2022/06/04",2,"inspiring, reflective",medium,,,,,,4,,,,,No
The Art of Solitude,Stephen Batchelor,,9780300250930,hardcover,read,2022/05/31,2022/05/31,2022/05/31,1,reflective,medium,,,,,,1.5,,,,,No
Autism and Asperger Syndrome in Adults,Luke Beardon,,9781847094452,paperback,read,2022/05/23,2022/05/23,2022/05/23,1,"informative, inspiring, reflective",fast,,,,,,5,,,,,No
A Very Easy Death,Simone de Beauvoir,Patrick O'Brian (Translator),9780394728995,paperback,read,2022/05/13,2022/05/13,2022/05/13,1,"emotional, reflective",medium,,,,,,2.5,,,,,No
How to Be Perfect: The Correct Answer to Every Moral Question,Michael Schur,,9781982159313,hardcover,read,2022/05/13,2022/05/13,2022/05/13,1,"funny, lighthearted, reflective",medium,,,,,,4,,,,,No
Pretending to Be Normal: Living with Asperger's Syndrome,Liane Holliday Willey,,9781853027499,paperback,read,2022/05/09,2022/05/09,2022/05/09,1,"emotional, informative, reflective",medium,,,,,,4,,,,,No
Midlife: A Philosophical Guide,Kieran Setiya,,9780691173931,hardcover,read,2022/05/04,2022/05/04,2022/05/04,1,reflective,medium,,,,,,3.5,,,,,No
"Nerdy, Shy, and Socially Inappropriate: A User Guide to an Asperger Life",Cynthia Kim,,9781849057578,paperback,read,2022/04/24,2022/04/24,2022/04/24,1,reflective,fast,,,,,,2,,,,,No
Neon Genesis Evangelion and Philosophy,"Andrew M. Winters, Christian Cotton",,9780812694925,paperback,read,2022/04/18,,,1,,medium,,,,,,2,,,,,No
Think Like a Feminist: The Philosophy Behind the Revolution,Carol Hay,,9781324020271,paperback,read,2022/04/16,2022/04/16,2022/04/16,1,"challenging, informative, reflective",medium,,,,,,5,,,,,No
The Birth of Tragedy / The Case of Wagner,Friedrich Nietzsche,,,,read,2022/04/09,2022/04/09,2022/04/09,1,challenging,slow,,,,,,3.5,,,,,No
"Nietzsche: Philosopher, Psychologist, Antichrist",Walter Arnold Kaufmann,,9780691160269,paperback,read,2022/04/02,2022/04/02,2022/04/02,1,,,,,,,,,,,,,No
I Am Dynamite!: A Life of Nietzsche,Sue Prideaux,,9781524760830,paperback,read,2022/03/19,2022/03/19,2022/03/19,1,informative,medium,,,,,,4.5,,,,,No
Letters to a Young Writer: Some Practical and Philosophical Advice,Colum McCann,,9780399590801,hardcover,read,2022/03/14,2022/03/14,2022/03/14,1,"informative, inspiring",fast,,,,,,3,,,,,No
Rogue Protocol,Martha Wells,,9781250191786,hardcover,read,2022/03/13,2022/03/13,2022/03/13,1,"funny, tense",fast,,,,,,5,,,,,No
Night Falls Fast: Understanding Suicide,Kay Redfield Jamison,,9780375701474,paperback,read,2022/03/01,2022/02/15,2022/02/15,1,,,,,,,,,,,,,No
Steal Like an Artist: 10 Things Nobody Told You about Being Creative,Austin Kleon,,9780761169253,paperback,read,2022/03/01,2022/03/01,2022/03/01,1,"funny, informative, inspiring",fast,,,,,,3.5,,,,,No
Bird by Bird,Anne Lamott,,385480016,paperback,read,2022/02/26,,,1,"informative, inspiring",medium,,,,,,3,,,,,No
Capitalist Realism: Is There No Alternative?,Mark Fisher,,9781846943171,paperback,read,2022/02/26,2022/02/26,2022/02/26,1,"challenging, informative",medium,,,,,,4,,,,,No
The Right to Sex: Feminism in the Twenty-First Century,Amia Srinivasan,,9780374248529,hardcover,read,2022/02/10,2023/08/19,"2023/08/19, 2022/02/10",2,"challenging, informative, reflective",medium,,,,,,5,,,,,No
An Unquiet Mind: A Memoir of Moods and Madness,Kay Redfield Jamison,,9780679763307,paperback,read,2022/02/07,,,1,"emotional, reflective",medium,,,,,,3.5,,,,,No
Bullshit Jobs: A Theory,David Graeber,,9781501143335,paperback,read,2022/02/05,2022/02/05,2022/02/05,1,"informative, reflective",medium,,,,,,5,,,,,No
The Philosophy Cure: Lessons on Living from the Great Philosophers,Laurence Devillairs,,9781250759887,paperback,read,2022/01/29,2022/05/01,"2022/05/01, 2022/01/29",2,reflective,fast,,,,,,1.5,,,,,No
The Fourfold Remedy: Epicurus and the Art of Happiness,John Sellars,,9780241419564,hardcover,read,2022/01/26,2022/01/26,2022/01/26,1,,,,,,,,3,,,,,No
Later,Stephen King,,9781789096491,paperback,read,2022/01/22,2022/01/22,2022/01/22,1,"dark, tense",medium,,,,,,3,,,,,No
Literary Theory: A Very Short Introduction,Jonathan D. Culler,,9780192853837,paperback,read,2022/01/21,2022/01/20,2022/01/20,1,,,,,,,,,,,,,No
Artificial Condition,Martha Wells,,9781250186928,hardcover,read,2022/01/18,2022/01/18,2022/01/18,1,"adventurous, funny",fast,,,,,,5,,,,,No
Four Thousand Weeks: Time Management for Mortals,Oliver Burkeman,,9780374159122,hardcover,read,2022/01/17,2022/01/17,2022/01/17,1,reflective,medium,,,,,,3,,,,,No
But is It Art?: An Introduction to Art Theory,Cynthia Freeland,,,paperback,read,2022/01/13,2022/01/13,2022/01/13,1,informative,medium,,,,,,3,,,,,No
All Systems Red,Martha Wells,,9781250214713,hardcover,read,2022/01/05,2022/01/04,2022/01/04,1,"funny, tense",fast,,,,,,5,,,,,No
But You're Still So Young: How Thirtysomethings Are Redefining Adulthood,Kayleen Schaefer,,9781524744830,hardcover,read,2022/01/01,2021/12/31,2021/12/31,1,reflective,slow,,,,,,2.5,,,,,No
Humankind: A Hopeful History,Rutger Bregman,"Elizabeth Manton (Translator), Erica Moore (Translator)",9780316418539,hardcover,read,2021/12/27,2021/12/27,2021/12/27,1,"hopeful, informative, reflective",medium,,,,,,4.5,,,,,No
Normal People,Sally Rooney,,9781984822178,hardcover,read,2021/12/22,2021/12/22,2021/12/22,1,"emotional, sad, tense",medium,,,,,,4,,,,,No
"Sick Souls, Healthy Minds: How William James Can Save Your Life",John Kaag,,9780691192161,hardcover,read,2021/12/19,2021/12/19,2021/12/19,1,,medium,,,,,,2,,,,,No
The Fifth Risk,Michael Lewis,,9780393357455,paperback,read,2021/12/04,2021/12/04,2021/12/04,1,"informative, inspiring",fast,,,,,,4,,,,,No
Self-Portrait in Black and White: Unlearning Race,Thomas Chatterton Williams,,9780393608861,hardcover,read,2021/11/30,2021/11/30,2021/11/30,1,"emotional, reflective",slow,,,,,,2.75,,,,,No
Do What You Love and Other Lies About Success and Happiness,Miya Tokumitsu,,9781941393956,digital,read,2021/11/24,2021/11/24,2021/11/24,1,"informative, reflective",medium,,,,,,4.5,,,,,No
American Philosophy: A Love Story,John Kaag,,,,read,2021/11/22,2021/11/22,2021/11/22,1,"emotional, reflective",medium,,,,,,4,,,,,No
Mean Girl: Ayn Rand and the Culture of Greed,Lisa Duggan,,,paperback,read,2021/11/21,2021/11/21,2021/11/21,1,informative,medium,,,,,,3.5,,,,,No
Socialism . . . Seriously: A Brief Guide to Human Liberation,Danny Katch,,9781608465156,paperback,read,2021/11/21,2021/11/21,2021/11/21,1,"informative, lighthearted",medium,,,,,,4,,,,,No
The Corporation: The Pathological Pursuit of Profit and Power,Joel Bakan,,9780743247467,paperback,read,2021/11/18,2021/11/18,2021/11/18,1,"informative, tense",medium,,,,,,4,,,,,No
Hiking with Nietzsche: On Becoming Who You Are,John Kaag,,9781250234681,paperback,read,2021/11/04,2023/08/13,"2023/08/13, 2021/11/03",2,"emotional, reflective",medium,,,,,,4,,,,,No
Kids These Days: Human Capital and the Making of Millennials,Malcolm Harris,,9780316510868,hardcover,read,2021/10/28,2021/10/28,2021/10/28,1,"informative, reflective",medium,,,,,,5,,,,,No
Path of Destruction,Drew Karpyshyn,,9780345477361,hardcover,read,2021/10/22,2021/10/22,2021/10/22,1,"adventurous, dark",fast,Character,Yes,,,,5,,,,,No
Can't Even: How Millennials Became the Burnout Generation,Anne Helen Petersen,,9780358315070,hardcover,read,2021/10/20,2022/05/20,"2022/05/20, 2021/10/20",2,"informative, reflective",medium,,,,,,5,,,,,No
Quiet: The Power of Introverts in a World That Can't Stop Talking,Susan Cain,,9780307352149,hardcover,read,2021/10/16,2021/10/16,2021/10/16,1,informative,medium,,,,,,3.5,,,,,No
"The Adjunct Underclass: How America's Colleges Betrayed Their Faculty, Their Students, and Their Mission",Herb Childress,,9780226496665,hardcover,read,2021/10/16,2021/09,2021/09,1,informative,medium,,,,,,4,,,,,No
Sharp Ends,Joe Abercrombie,,,,read,2021/10/12,2021/10/12,2021/10/12,1,"adventurous, dark",medium,Plot,It's complicated,,,,4,,,,,No
Divergent Mind: Thriving in a World That Wasn't Designed for You,Jenara Nerenberg,,9780062876805,paperback,read,2021/10/06,2022/05/08,"2022/05/08, 2021/10/06",2,informative,medium,,,,,,4,,,,,No
John Dies at the End,David Wong,Jason Pargin,9780978970765,paperback,read,2021/09/27,2021/09/27,2021/09/27,1,"dark, funny",medium,,,,No,Yes,3.5,,,,,No
Tweetable Nietzsche: His Essential Ideas Revealed and Explained,C. Ivan Spencer,,,,read,2021/09/16,2021/09/16,2021/09/16,1,,,,,,,,,,,,,No
The Pocket Stoic,John Sellars,,,digital,read,2021/09/11,2021/09/11,2021/09/11,1,"inspiring, reflective",medium,,,,,,5,,,,,No
Alone Against the Flames,Gavin Inglis,,,,read,2021/08/22,,,1,,,,,,,,,,,,,Yes
Meditations,Marcus Aurelius,Martin Hammond (Translator),9780140449334,paperback,read,2021/08/07,2021/07,2021/07,1,,,,,,,,,,,,,No
Player's Handbook,Wizards RPG Team,,9780786965601,hardcover,read,2021/07/08,2021/07/07,2021/07/07,1,,,,,,,,,,,,,No
The Worldly Philosophers,Robert L. Heilbroner,,,,read,2021/06/27,2021/08/08,2021/06/27-2021/08/08,1,,,,,,,,,,,,,No
The Man in the High Castle,Philip K. Dick,,9780547572482,paperback,read,2021/06/24,2021/06/24,2021/06/24,1,,,,,,,,1,,,,"fiction, 20th-century",No
The Battle for Paradise: Puerto Rico Takes on the Disaster Capitalists,Naomi Klein,,9781608463572,paperback,read,2021/06/23,2021/06/23,2021/06/23,1,,,,,,,,5,,,,"non-fiction, political, 21st-century",No
Do Androids Dream of Electric Sheep?,Philip K. Dick,,,digital,read,2021/06/17,2021/06/17,2021/06/17,1,,,,,,,,2,,,,"science-fiction, fiction, 20th-century",No
I Am Legend,Richard Matheson,,9780312865047,paperback,read,2021/06/16,2021/06/16,2021/06/16,1,,,,,,,,1,,,,"science-fiction, fiction, 20th-century",No
The Communist Manifesto,"Karl Marx, Friedrich Engels",,9781604880144,paperback,read,2021/06/16,2021/06/16,2021/06/16,1,,,,,,,,,,,,"non-fiction, political, 19th-century",No
One Flew Over the Cuckoo's Nest,Ken Kesey,Robert Faggen,9780141037493,paperback,read,2021/06/13,2021/06/13,2021/06/13,1,,,,,,,,3,,,,"fiction, 20th-century",No
A Knight of the Seven Kingdoms,George R.R. Martin,Gary Gianni (Illustrator),9780345533487,hardcover,read,2021/05/01,2021/04/30,2021/04/30,2,,,,,,,,4,,,,"fantasy, fiction, 21st-century",No
Dungeons & Dragons Starter Set,James Wyatt,,9780786965595,paperback,read,2021/04/29,2021/04/29,2021/04/29,1,,,,,,,,,,,,"fantasy, game",No
The Meaning of Belief: Religion from an Atheist's Point of View,Tim Crane,,9780674088832,hardcover,read,2021/04/18,2021/04/17,2021/04/17,1,,,,,,,,3,,,,"non-fiction, 21st-century",No
Socrates in Love: The Making of a Philosopher,Armand D'Angour,,9781408883914,hardcover,read,2021/04/14,2021/04/13,2021/04/13,1,,,,,,,,3,,,,"non-fiction, history, 21st-century",No
Tao Te Ching: The Essential Translation of the Ancient Chinese Book of the Tao,Laozi,John Minford (Translator),9780670024988,hardcover,read,2021/04/02,2021/03/30,2021/03/30,1,,,,,,,,4,,,,"bce, non-fiction, eastern-philosophy, philosophy",No
The Matrix and Philosophy: Welcome to the Desert of the Real,,,9780812695021,paperback,read,2021/03/25,2021/01/25,2021/01/25,1,,,,,,,,3,,,,"non-fiction, philosophy, 21st-century",No
Zhuangzi,Zhuangzi,Burton Watson (Translator),9780231129596,paperback,read,2021/03/25,2024/10/18,"2024/10/18, 2022/12/11, 2021/03/25",3,,,,,,,,5,,,,"bce, non-fiction, eastern-philosophy, philosophy",No
Lives of the Stoics: The Art of Living from Zeno to Marcus Aurelius,"Stephen Hanselman, Ryan Holiday",,9780525541875,hardcover,read,2021/03/13,2021/03/13,2021/03/13,1,,,,,,,,3,,,,"stoicism, non-fiction, biography, philosophy, history, 21st-century",No
Trying Not to Try: The Art and Science of Spontaneity,Edward Slingerland,,,,read,2021/03/06,2021/03/06,2021/03/06,1,,,,,,,,3,,,,"non-fiction, eastern-philosophy, philosophy, 21st-century",No
How to Live a Good Life: A Guide to Choosing Your Personal Philosophy,"Massimo Pigliucci, Daniel Kaufman, Skye Cleary",,9780525566144,paperback,read,2021/01/30,2021/01/30,2021/01/30,1,,,,,,,,3,,,,"non-fiction, philosophy, 21st-century",No
A Decent Life: Morality for the Rest of Us,Todd May,,9780226609744,hardcover,read,2021/01/11,2021/01/02,2021/01/02,1,,,,,,,,2,,,,"non-fiction, philosophy, 21st-century",No
Weapons of Math Destruction,Cathy O'Neil,,9780553418811,hardcover,read,2020/12/27,2020/12/27,2020/12/27,1,,,,,,,,3,,,,"non-fiction, 21st-century, statistics",No
Love: A History,Simon May,,,,read,2020/12/25,2020/12/25,2020/12/25,1,,,,,,,,4,,,,"non-fiction, philosophy, history, 21st-century",No
Fight Club,Chuck Palahniuk,,9780393355949,paperback,read,2020/12/19,2020/12/19,2020/12/19,1,,,,,,,,3,,,,"fiction, 20th-century",No
In Praise of Love,Alain Badiou,Peter Bush (Translator),9781595588777,hardcover,read,2020/12/19,2020/12/19,2020/12/19,1,,,,,,,,3,,,,"non-fiction, philosophy, 21st-century",No
The Death of Socrates,Emily Wilson,,9780674026834,hardcover,read,2020/12/17,2020/12/17,2020/12/17,1,,,,,,,,4,,,,"non-fiction, philosophy, history, 21st-century",No
The Practicing Stoic: A Philosophical User's Manual,Ward Farnsworth,,,,read,2020/12/09,2020/12/09,2020/12/09,1,,,,,,,,4,,,,"stoicism, non-fiction, philosophy, 21st-century",No
"Rome's Last Citizen: The Life and Legacy of Cato, Mortal Enemy of Caesar",Rob Goodman,Jimmy Soni,9780312681234,hardcover,read,2020/10/05,2020/10/05,2020/10/05,1,,,,,,,,4,,,,"non-fiction, biography, history, 21st-century",No
Fatal Alliance,Sean Williams,,9780307796042,digital,read,2020/09/05,2020/09/05,2020/09/05,1,,,,,,,,3,,,,"science-fiction, fiction, 21st-century",No
Stillness Is the Key,Ryan Holiday,,9780525538585,hardcover,read,2020/09/05,2020/08/01,2020/08/01,1,,,,,,,,5,,,,"non-fiction, self-help, 21st-century",No
Dialogues and Essays,Lucius Annaeus Seneca,John Davie (Translator),9780199552405,paperback,read,2020/07/11,2020/07/11,2020/07/11,1,,,,,,,,5,,,,"stoicism, non-fiction, philosophy, early-ce",No
Drift: The Unmooring of American Military Power,Rachel Maddow,Rachel Maddow (Narrator),9780307970381,audio,read,2020/06/26,2020/06/24,2020/06/24,1,,,,,,,,4,,,,"non-fiction, political, history, 21st-century",No
Stoicism,John Sellars,,9781844650538,paperback,read,2020/06/26,2020/06/26,2020/06/26,1,,,,,,,,4,,,,"stoicism, non-fiction, philosophy, history, 21st-century",No
Excellent Sheep: The Miseducation of the American Elite and the Way to a Meaningful Life,William Deresiewicz,,,paperback,read,2020/06/21,2020/06/21,2020/06/21,1,,,,,,,,4,,,,"academia, non-fiction, 21st-century",No
Justice: What's the Right Thing to Do?,Michael J. Sandel,,9780374180652,hardcover,read,2020/06/18,2020/06/18,2020/06/18,1,,,,,,,,4,,,,"non-fiction, political, philosophy, 21st-century",No
The Rise of Theodore Roosevelt,Edmund Morris,,9780375756788,paperback,read,2020/06/11,2020/06/11,2020/06/11,1,,,,,,,,4,,,,"non-fiction, biography, 20th-century",No
Let My People Go Surfing: The Education of a Reluctant Businessman--Including 10 More Years of Business Unusual,Yvon Chouinard,Naomi Klein,9780143109679,paperback,read,2020/05/19,2020/05/19,2020/05/19,1,,,,,,,,2,,,,"non-fiction, enviromental, 21st-century",No
On the Shortness of Life,Lucius Annaeus Seneca,,9780141018812,paperback,read,2020/05/17,2020/05/16,2020/05/16,1,,,,,,,,5,,,,"stoicism, non-fiction, philosophy, early-ce",No
"Discourses, Fragments, Handbook",Epictetus,,9780199595181,paperback,read,2020/05/06,2020/08/26,2020/08/26,1,,,,,,,,4,,,,"bce, stoicism, philosophy",No
Ego Is the Enemy,Ryan Holiday,,9781591847816,hardcover,read,2020/03/12,2020/03/12,2020/03/12,1,,,,,,,,3,,,,"non-fiction, self-help, 21st-century",No
How to Think Like a Roman Emperor: The Stoic Philosophy of Marcus Aurelius,Donald J. Robertson,,,paperback,read,2020/03/01,2020/03/01,2020/03/01,1,,,,,,,,3,,,,"stoicism, non-fiction, self-help, philosophy, 21st-century",No
Symposium,Plato,Seth Benardete (Translator),9780226042756,paperback,read,2020/02/19,2020/02/15,2020/02/15,1,,,,,,,,2,,,,"bce, non-fiction, philosophy",No
What Nietzsche Really Said,"Kathleen M. Higgins, Robert C. Solomon",,9780805210941,paperback,read,2020/02/19,2020/02/19,2020/02/19,1,,,,,,,,2,,,,"non-fiction, philosophy, 21st-century",No
The Existentialist's Survival Guide: How to Live Authentically in an Inauthentic Age,Gordon Marino,,9780062435989,hardcover,read,2020/02/11,2022/05/22,"2022/05/22, 2020/02/11",2,,,,,,,,4,,,,"non-fiction, existentialism, philosophy, 21st-century",No
Letters from a Stoic: Epistulae Morales Ad Lucilium,Lucius Annaeus Seneca,Robin Campbell (Translator),9780140442106,paperback,read,2020/02/10,2020/02/10,2020/02/10,2,,,,,,,,4,,,,"stoicism, non-fiction, philosophy, early-ce",No
Winners Take All: The Elite Charade of Changing the World,Anand Giridharadas,,9780451493248,hardcover,read,2020/02/02,2020/02/02,2020/02/02,1,,,,,,,,4,,,,"non-fiction, political, 21st-century",No
Meditations,Marcus Aurelius,Gregory Hays (Translator),9780812968255,paperback,read,2020/01/18,2024/01/30,"2024/01/30, 2023/02/26, 2022/07/10, 2022/01/13, 2020/04/01",6,,,,,,,,5,,,,"stoicism, non-fiction, philosophy, early-ce",No
The Obstacle Is the Way: The Timeless Art of Turning Trials Into Triumph,Ryan Holiday,,9781591846352,hardcover,read,2020/01/13,2020/01/13,2020/01/13,1,,,,,,,,4,,,,"stoicism, non-fiction, self-help, 21st-century",No
The Death of Ivan Ilych,Leo Tolstoy,"رضی هیرمند (Translator), Ευγενία Ζήκου (Translator), Leo Tolstoy (Translator)",9781600964336,paperback,read,2020/01/11,2020/01/02,2020/01/02,1,,,,,,,,4,,,,"fiction, russian, 19th-century",No
Leviathan Wakes,James S.A. Corey,,9781841499888,paperback,read,2019/12/10,2023/12/09,"2023/12/09, 2019/12/11",2,,,,,,,,3.5,,,,"science-fiction, fiction, 21st-century",No
Existentialism Is a Humanism,Jean-Paul Sartre,"Arlette Elkaïm-Sartre (Contributor), Carol Macomber (Translator), Annie Cohen-Solal (Contributor)",9780300115468,paperback,read,2019/12/03,2019/12/24,2019/12/24,1,,,,,,,,3,,,,"non-fiction, existentialism, 20th-century, philosophy",No
"Five Dialogues: Euthyphro, Apology, Crito, Meno, Phaedo",Plato,"John M. Cooper (Contributor), G.M.A. Grube (Translator)",9780872206335,paperback,read,2019/11/28,2019/12/01,2019/12/01,1,,,,,,,,3,,,,"bce, non-fiction, philosophy",No
"How to Think Politically: Sages, Scholars and Statesmen Whose Ideas Have Shaped the World","James Bernard Murphy, Graeme Garrard",,9781472961785,paperback,read,2019/11/28,,,1,,,,,,,,3,,,,"non-fiction, political, philosophy, history, 21st-century",No
Examined Lives: From Socrates to Nietzsche,James Miller,,,,read,2019/11/20,2019/11/28,2019/11/28,1,,,,,,,,3,,,,"non-fiction, biography, philosophy, 21st-century",No
Daisy Jones & The Six,Taylor Jenkins Reid,,9781524798628,hardcover,read,2019/11/18,2019/11/15,2019/11/15,1,,,,,,,,2,,,,"historical-fiction, fiction, 21st-century",No
What Does It All Mean?: A Very Short Introduction to Philosophy,Thomas Nagel,,9780195052169,paperback,read,2019/11/17,2019/11/17,2019/11/17,1,,,,,,,,2,,,,"non-fiction, 20th-century, philosophy",No
The Graduate School Mess: What Caused It and How We Can Fix It,Leonard Cassuto,,9780674728981,hardcover,read,2019/10/15,2019/10/23,2019/10/23,1,,,,,,,,5,,,,"academia, non-fiction, 21st-century",No
How to Be a Stoic: Using Ancient Philosophy to Live a Modern Life,Massimo Pigliucci,,9780465097951,hardcover,read,2019/10/14,2019/10/14,2019/10/14,1,,,,,,,,3,,,,"stoicism, non-fiction, self-help, philosophy, 21st-century",No
The Giving Tree,Shel Silverstein,,9780060256654,hardcover,read,2019/10/13,,,1,,,,,,,,5,,,,"fiction, 20th-century",No
Atomic Habits: An Easy & Proven Way to Build Good Habits & Break Bad Ones,James Clear,,9780735211292,hardcover,read,2019/10/09,2019/10/09,2019/10/09,1,,,,,,,,2,,,,"non-fiction, self-help, 21st-century",No
A Gentleman in Moscow,Amor Towles,,9780143110439,paperback,read,2019/10/08,2019/10/13,2019/10/13,1,,,,,,,,3,,,,"historical-fiction, fiction, 21st-century",No
A Little History of Philosophy,Nigel Warburton,,9780300152081,hardcover,read,2019/10/08,2019/10/13,2019/10/13,1,,,,,,,,4,,,,"non-fiction, philosophy, 21st-century",No
The Stranger,Albert Camus,"Matthew Ward (Translator), Jonathan Davis (Narrator)",9781419345333,audio,read,2019/10/02,2019/10/06,2019/10/06,1,,,,,,,,4,,,,"fiction, existentialism, 20th-century, philosophy",No
How to Live: Or A Life of Montaigne in One Question and Twenty Attempts at an Answer,Sarah Bakewell,,9781590514252,hardcover,read,2019/09/29,2019/10/02,2019/10/02,1,,,,,,,,4,,,,"non-fiction, biography, philosophy, 21st-century",No
Existential America,George Cotkin,,9780801882005,paperback,read,2019/09/23,2019/10/02,2019/10/02,1,,,,,,,,3,,,,"non-fiction, existentialism, philosophy, 21st-century",No
"At the Existentialist Café: Freedom, Being, and Apricot Cocktails",Sarah Bakewell,,9781590514887,hardcover,read,2019/09/14,2023/01/16,"2023/01/16, 2019/09/16",2,,,,,,,,4,,,,"non-fiction, existentialism, biography, philosophy, 21st-century",No
The Wisdom of Frugality: Why Less Is More - More or Less,Emrys Westacott,,9780691155081,hardcover,read,2019/09/14,2019/09/23,2019/09/23,1,,,,,,,,3,,,,"non-fiction, minimalism, philosophy, 21st-century",No
